﻿<?xml version="1.0" encoding="utf-8"?>

<game>
	<title>Paper Cat</title>
	<release-date>TBD</release-date>
	<website>http://www.papercat.ilusis.com/</website>
	<press-can-request-copy>TRUE</press-can-request-copy>

	<platforms>
		<platform>
			<name>PC</name>
			<link>http://www.papercat.ilusis.com/</link>
		</platform>
		<platform>
			<name>Playstation 4</name>
			<link>http://www.papercat.ilusis.com/</link>
		</platform>
		<platform>
			<name>Xbox One</name>
			<link>http://www.papercat.ilusis.com/</link>
		</platform>
	</platforms>
	
	<prices>
		<price>
			<currency>USD</currency>
			<value>$15.99</value>
		</price>
	</prices>

	<description>
		The CATastrophy, Puzzle Platformer Game! Paper Cat is a game about Slick the cat and Frank his human, who loves him despite all the mess he make! It's a 2D platform game that blends puzzles, humor and a lot of trouble. Go out every night, pursue small critters, break things in the way and even make chains reactions off mess! But shhh... don't awake Frank or see his hilarous reactions from what you have done!
	</description>
	
	<history>
		In Paper Cat you are Slick the Cat. Most cats are careful enough to don’t break things… but Slick is a clumsy one! Every night you go out chasing critters and breaking everything in the way. But don't make too much noise or you will awake Frank. He lives in an antique shop and his mansion receives new exotic objects every day. Get access to new rooms, discover special items and... break huge objects in chain reactions. See the hilarious reactions of Frank and even reach the moon with the pile of debris that you will create!
	</history>

	<features>
		<feature>Stealth CATastrophy, try to break things without making too much noise!</feature>
		<feature>Chase small Critters. Explore and get access the all mansion rooms. </feature>
		<feature>Solve puzzles to break huge objects or trap the critters you are chasing.</feature>
		<feature>Procedurally generated rooms and puzzles, every night is different!</feature>
		<feature>Hilarious reactions and funny dreams activated by the mess you make.</feature>
		<feature>Find helpful items and customize your cat.</feature>
		<feature>Bonus One Button Cat Friendly Minigames.</feature>
	</features>
	
	<trailers>
		<trailer>
			<name>Gameplay Preview</name>
			<youtube>pfdqk59ZxZ4</youtube>
		</trailer>
	</trailers>
	
	<additionals>
		<additional>
			<title>Paper Cat – Jogo brasileiro que explora o universo dos gatos!, 2015/06/21</title>
			<link>http://gamehall.uol.com.br/v10/paper-cat-jogo-brasileiro-que-explora-o-universo-dos-gatos/</link>
		</additional>
	</additionals>
	
</game>